SECURITY_CODE,SECURITY_NAME_ABBR,REPORT_DATE,TOTAL_ASSETS,FIXED_ASSET,MONETARYFUNDS,MONETARYFUNDS_YOY,ACCOUNTS_RECE,ACCOUNTS_RECE_YOY,INVENTORY,INVENTORY_YOY,TOTAL_LIABILITIES,ACCOUNTS_PAYABLE,ACCOUNTS_PAYABLE_YOY,ADVANCE_RECEIVABLES,ADVANCE_RECEIVABLES_YOY,TOTAL_EQUITY,TOTAL_EQUITY_YOY,TOTAL_ASSETS_YOY,TOTAL_LIAB_YOY,CURRENT_RATIO,DEBT_ASSET_RATIO,PARENT_NETPROFIT,TOTAL_REVENUE,TOTAL_OPERATE_COST,TOTAL_EXPENSE_YOY,TOI_RATIO,OPERATE_COST,OPERATE_EXPENSE,OPERATE_EXPENSE_YOY,SALE_EXPENSE,MANAGE_EXPENSE,FINANCE_EXPENSE,OPERATE_PROFIT,TOTAL_PROFIT,INCOME_TAX,OPERATE_INCOME,INTEREST_NI,INTEREST_NI_RATIO,NETCASH_OPERATE,NETCASH_OPERATE_YOY,SALES_SERVICES,SALES_SERVICES_YOY,PAY_STAFF_CASH,PAY_STAFF_CASH_YOY,NETCASH_INVEST,NETCASH_INVEST_YOY,RECEIVE_INVEST_INCOME,RECEIVE_INVEST_INCOME_YOY,CONSTRUCT_LONG_ASSET,CONSTRUCT_LONG_ASSET_YOY,NETCASH_FINANCE,NETCASH_FINANCE_YOY,BASIC_EPS,DEDUCT_BASIC_EPS,WEIGHTAVG_ROE,OPERATE_INCOME_YOY,NETPROFIT_YOY,BOOK_VALUE_PER_SHARE,NETCASH_OPERATE_PER_SHARE,GROSS_MARGIN,OPERATE_INCOME_MOM,NETPROFIT_MOM,QDATE
333,美的集团,2009-09-30 00:00:00,46744503667.92,8013690988.32,7367726706.58,51.5247142118,6043551759.86,38.8187880351,7018632663.95,-22.8313173211,30818263012.8,11820416750.74,31.3416777557,2993300283.21,198.171208069,15926240655.12,40.233641176,25.4289691716,18.9399444686,109.2118690168,65.9291694094,,,,,,,,,,,,,,,,,,4436342714.99,162.9462589408,34279679385.67,1259.0879182332,2442128172.73,89.6990325512,-1213121175.59,-44.5577742532,265895614.99,9.7663094389,1370019480.15,50.3206274421,-500331823.88,-18.3771192101,,,,,,,,,,,
333,美的集团,2009-12-31 00:00:00,52065829973.51,8581441062.39,6371411310.84,37.1627657661,6927577030.5,71.1919452486,10536815594.65,45.4203660005,35484688373.4,13969628447.43,78.886501223,3251626812.79,137.4342013982,16581141600.11,48.707882741,45.0355829172,43.3810729042,108.1158547608,68.1535056513,,,,,,,,,,,,,,,,,,3524105320.9,204.1462669165,47447119813.02,2748.542255058,3430568219.69,198.7277994499,-3183568865.79,-184.4194881374,241340482.25,13.9805011544,2047096214.96,118.585289669,1392381795.78,80.658640945,,,,,,,,,,,
333,美的集团,2009-03-31 00:00:00,38641144500.0,7760572000.0,4647597900.0,10.1510806513,5692895700.0,31.2021819703,7826474300.0,-5.5816547042,27025331300.0,8595921100.0,8.8577301204,1826181000.0,110.7571252725,11615813100.0,32.2429333841,18.9063254851,13.9663131453,91.1615064786,69.9392620216,,,,,,,,,,,,,,,,,,974804500.0,39763.5937181318,8814066800.0,359537.703446869,809549400.0,33022.6147256782,-399332100.0,-16289.296349174,3595800.0,146.6775443606,363680900.0,14835.0356924332,-573020900.0,-23374.2973689578,,,,,,,,,,,
333,美的集团,2009-06-30 00:00:00,42305244560.56,7957100219.61,5002165659.34,-7.6044390337,7276547845.6,32.7677848925,5535398723.19,-39.5680910309,29485251001.99,9921894897.35,-7.6091236239,1109174335.51,47.2678560361,12819993558.57,17.3594905471,7.9719489959,4.3430073542,97.0730288145,69.6964438056,,,,,,,,,,,,,,,,,,2801266970.28,784.6263459421,23226158782.22,6505.5763298927,1680151066.15,470.6051960239,-1025455853.05,-287.2270609835,229972111.24,64.4144878818,996328464.09,279.0685680554,-1418680950.86,-397.3682131481,,,,,,,,,,,
333,美的集团,2010-03-31 00:00:00,62881451009.26,8579311419.16,7410602040.69,59.4501546851,9930584781.9,74.4381999112,12109517098.35,54.725060534,45308342399.78,15432540266.22,79.5332936015,4055040947.67,122.0503305899,17573108609.48,51.2860826719,62.7318544078,67.6513856457,110.3863873813,72.0535892104,,,,,,,,,,,,,,,,,,786801236.87,75.7128806358,12628753937.23,1215.2489022927,1448149807.05,139.3536109833,-1094410925.28,-105.3137690555,55298473.47,5.3213016515,845229607.31,81.3353682853,1347795723.25,129.6966653508,,,,,,,,,,,
333,美的集团,2010-12-31 00:00:00,70960357054.67,11844415257.76,9405374647.05,47.6183876412,6911103283.8,-0.2377995456,19749981207.64,87.4378556807,48412191687.61,16060291692.89,14.965775599,4198012791.54,29.1049998428,22548165367.06,35.9868090561,36.2896876719,36.4312155659,116.2867444114,68.2242785931,3705968984.74,103847954820.99,98860652682.15,53.1135757289,60.9014755233,85158517360.89,85158517360.89,60.5027700487,8650948626.79,3925081981.58,777675172.92,5509166009.37,7842230452.17,1435951841.51,,0.0,,4731690836.22,160.689331575,61381152712.72,2084.518355512,5790663016.41,196.6522754108,-5913099614.41,-200.8102510211,384182621.62,13.0469320181,6050450581.69,205.4747221135,4133064812.93,140.359851295,0.0,,,60.9014755233,129.9775078082,11.03285350227,4.73169083622,17.9969239571,5.7655,81.2075,2010Q4
333,美的集团,2011-03-31 00:00:00,97213276704.8,12219931845.74,14996762836.75,102.3690214966,11536137356.79,16.1677545699,18282762817.04,50.9784632083,69134886556.87,23729410666.42,53.7621820975,5141641183.94,26.7962827082,28078390147.93,59.7804393742,54.5976995513,52.5875432539,119.4753146897,71.1167125523,,,,,,,,,,,,,,,,,,-827900090.72,-14.8067002796,22643343011.73,404.9681804143,2168155024.61,38.7766857004,-2210555980.2,-39.5350117932,95278885.82,1.7040291711,1817732624.86,32.5095050315,8635907887.8,154.4501579001,,,,,,,,,,,
333,美的集团,2010-06-30 00:00:00,68609996480.73,8765822978.8,12078868243.05,141.4727753068,11313024369.65,55.4724109523,9802081636.87,77.0799562425,49135649545.74,13336179881.41,34.4116221688,3819818708.27,244.3839787831,19474346934.99,51.9060586577,62.1784655624,66.644840644,113.9125887982,71.6158753332,,,,,,,,,,,,,,,,,,6062067982.84,106.2131182914,34855398113.29,610.6992751287,2525691269.7,44.2524805653,-1653597816.4,-28.9725850942,121401287.17,2.1270644459,2035853644.27,35.6700658183,1304470618.66,22.8555490502,,,,,,,,,,,
333,美的集团,2010-09-30 00:00:00,73445976818.55,9688206388.98,13494363918.73,83.1550552313,9593571415.6,58.7406180471,11703660444.39,66.7512891009,52170339180.0,13245962276.14,12.0600276239,4468557902.02,49.2853198553,21275637638.55,33.5885730931,57.1221663627,69.2838404239,111.8430389846,71.0322626778,,,,,,,,,,,,,,,,,,9527622126.24,133.7594485142,55708908931.71,782.1041637986,3707766610.27,52.0537874443,-4238927255.56,-59.5108164957,160327206.98,2.2508532038,3909811218.37,54.8903163281,1848258337.93,25.9479241218,,,,,,,,,,,
333,美的集团,2006-12-31 00:00:00,19400729172.67,4706689486.13,1737420151.89,7.3783539692,1971201284.07,2.1265912912,6197575057.86,26.0464713892,13540119093.47,6746539135.81,39.1091944781,719602378.62,-33.3962130419,5860610079.2,19.4364127049,20.3161595777,20.7009746744,92.3447880236,69.7918051067,,,,,,,,,,,,,,,,,,,,,,,,,,,,,,,,,,,,,,,,,,
333,美的集团,2007-06-30 00:00:00,21985651898.79,4772066430.97,2256392299.85,,3906248598.42,,4691193151.78,,14857914592.83,6695321779.53,,569464967.35,,7127737305.96,,,,99.1075726828,67.5800502129,,,,,,,,,,,,,,,,,,1623307761.65,312.7928479459,27944000913.8,5384.4895190703,1010572663.72,194.7257993887,-428021335.67,-82.4748182253,31655753.24,6.0997017594,574629599.92,110.7245547143,-676314278.02,-130.3180297206,,,,,,,,,,,
333,美的集团,2004-12-31 00:00:00,12625078478.49,2634414517.82,1211534957.36,,1653850003.58,,3840967335.52,,8590903147.55,3887944897.22,,1455946991.29,,4034175330.94,,,,99.4178164255,68.0463346203,,,,,,,,,,,,,,,,,,,,,,,,,,,,,,,,,,,,,,,,,,
333,美的集团,2005-12-31 00:00:00,16124790918.16,4077191917.35,1618035747.12,33.5525431842,1930154780.6,16.7067615819,4916896910.76,28.0119428585,11217903691.33,4849815399.42,24.7398182749,1080422617.82,-25.7924481946,4906887226.83,21.6329689292,27.7203222588,30.5788634636,90.9526518815,69.5692970425,,,,,,,,,,,,,,,,,,,,,,,,,,,,,,,,,,,,,,,,,,
333,美的集团,2008-09-30 00:00:00,37267709347.1,6620474219.83,4862392742.27,,4353554619.95,,9095182683.31,,25910776359.01,8999745513.17,,1003886425.72,,11356932988.09,,,,95.5959360927,69.5260771669,,,,,,,,,,,,,,,,,,3424921568.44,208.9929453514,36401556511.32,2221.2679498351,2227737342.23,135.9392848327,-3924780236.45,-239.4949388129,56430672.51,3.4434693526,2677355059.59,163.3755134165,2099661936.05,128.1239653196,,,,,,,,,,,
333,美的集团,2008-12-31 00:00:00,35898659436.71,7525361880.35,4645146425.31,44.0819404657,4046672301.34,77.302063047,7245763357.94,-23.4755572186,24748516421.77,7809213301.13,7.3493182789,1369485437.92,-10.2803603158,11150143014.94,30.1119559069,30.9161517548,31.2817298619,89.6516888018,68.939945976,,,,,,,,,,,,,,,,,,4419600460.0,310.9799910873,45977038881.59,3235.1202944748,3075203396.08,216.3830720355,-5574033627.44,-392.2103238675,109916287.22,7.7341303426,3167618646.82,222.8857625189,2583227776.05,181.765785854,,,,,,,,,,,
333,美的集团,2008-06-30 00:00:00,39181699463.61,6463732050.57,5413859288.29,139.9343096788,5480657714.89,40.3048878432,9159728391.21,95.253704012,28258003818.03,10739041869.2,60.3962023458,753167979.33,32.258878511,10923695645.58,53.256148153,78.2148632389,90.1882235322,94.0125225398,72.1204138791,,,,,,,,,,,,,,,,,,1968357718.88,89.8835468212,27203818705.06,1242.2415340657,1523848659.74,69.5853812762,-2902298954.4,-132.5312576341,56170672.51,2.5649907149,1649904882.87,75.3416421047,3114149431.25,142.2052473121,,,,,,,,,,,
333,美的集团,2008-03-31 00:00:00,32497131117.58,5508571502.08,4219293966.54,,4339025170.55,,8289145796.28,,23713438255.7,7896472846.25,,866486007.36,,8783692861.88,,,,95.4247309907,72.9708667818,,,,,,,,,,,,,,,,,,-467455356.71,-46.9647496524,10336797063.36,1038.5271648301,630516564.51,63.3473382621,-1573721305.88,-158.1101298604,3982300.18,0.4000975244,452354585.37,45.4475909861,3036509034.57,305.0748795128,,,,,,,,,,,
333,美的集团,2022-12-31 00:00:00,422555267000.0,26082992000.0,55270099000.0,-23.1030658045,28237973000.0,14.618723322,46044897000.0,0.2622960729,270631465000.0,64233225000.0,-2.6526820113,,,151923802000.0,12.6821556548,8.92112658,6.9178120595,126.5373015342,64.046406739,29553507000.0,345708706000.0,311691527000.0,-0.3473263441,0.6837940816,260538701000.0,260538701000.0,-1.5073369026,28716121000.0,11582664000.0,-3387491000.0,34763272000.0,34955931000.0,5145700000.0,,1740993000.0,,34657828000.0,327.5189996077,316997825000.0,2995.6525412333,35674963000.0,337.1309994614,-13509510000.0,-127.6658537399,3800095000.0,35.9111746072,7352115000.0,69.4780223908,-10854881000.0,-102.579416286,4.34,4.2,22.21,0.6837940816,3.43,20.427277312176,4.953047851642,24.243844086,-16.091,-40.0126,2022Q4
333,美的集团,2023-06-30 00:00:00,462739635000.0,28336765000.0,71734919000.0,-6.4757411997,36454972000.0,23.2152183333,33693045000.0,-8.3203354438,304497120000.0,71684891000.0,9.3862469272,,,158242515000.0,12.7095722624,12.0152486003,11.6577863662,111.464478075,65.8031205821,18232291000.0,197795614000.0,176388077000.0,6.87768782,7.6946278229,147276358000.0,147276358000.0,4.8796372431,17133216000.0,5670400000.0,-1363661000.0,22084793000.0,22107307000.0,3578491000.0,,787210000.0,,29784674000.0,834.0305552265,174235446000.0,4878.9416250627,20253369000.0,567.1349161746,-27046688000.0,-757.3614607861,3426440000.0,95.9471859806,2794669000.0,78.2563320231,-6437928000.0,-180.2748844707,2.67,2.58,12.14,7.6946278229,13.98,20.843751108096,4.241513284833,25.2360258245,4.6807,26.7175,2023Q2
333,美的集团,2021-12-31 00:00:00,387946104000.0,22852848000.0,71875556000.0,-11.4947304462,24636440000.0,7.2158186377,45924439000.0,47.7785340827,253121028000.0,65983559000.0,22.3497861433,,,134825076000.0,8.5223946792,7.6483994429,7.1885870298,111.6728098314,65.2464415521,28573650000.0,343360825000.0,312777887000.0,20.8792043184,20.1782054121,264525999000.0,264525999000.0,22.0147303385,28647344000.0,10266283000.0,-4386111000.0,33281195000.0,33717544000.0,4702168000.0,,2039977000.0,,35091704000.0,206.4031998059,310489824000.0,1826.2462598221,32095846000.0,188.7820926245,13599586000.0,79.9903608681,5648277000.0,33.2221668743,6825357000.0,40.1455433631,-31204539000.0,-183.5395824058,4.17,3.78,24.09,20.1782054121,4.96,17.872608624211,5.022741364711,22.4794091553,-8.7149,-39.4,2021Q4
333,美的集团,2023-03-31 00:00:00,441087159000.0,26287025000.0,58975173000.0,-15.5650332742,35551438000.0,19.8324409127,33356961000.0,-20.1242568886,279642424000.0,66320879000.0,2.2499311957,,,161444735000.0,13.0070055429,8.1513773604,5.5334886531,123.4083390797,63.3984504636,8041853000.0,96636184000.0,87373044000.0,5.8919657194,6.2650516028,73120434000.0,73120434000.0,3.9581917666,8444025000.0,2801492000.0,-710597000.0,9584823000.0,9612566000.0,1466834000.0,,367374000.0,,9272312000.0,135.3147106746,76222164000.0,1112.3417836511,11721976000.0,171.0636776431,-25100790000.0,-366.3062822469,1247758000.0,18.2090521503,1554048000.0,22.6788696815,9068738000.0,132.3438705097,1.18,,5.46,6.2650516028,12.04,21.689644809222,1.320052954096,24.0409157744,30.7066,58.1925,2023Q1
333,美的集团,2022-09-30 00:00:00,417453076000.0,24084306000.0,63154762000.0,13.0373376862,31431007000.0,20.9601666649,36554195000.0,10.1091458541,268589662000.0,61617766000.0,0.0260772016,,,148863414000.0,16.0226577405,10.9262865249,8.2899249135,135.0645237653,64.3400845368,24469921000.0,271775057000.0,243771100000.0,2.5684096059,3.3590861159,206530717000.0,206530717000.0,1.9425695574,21196708000.0,8044890000.0,-2110455000.0,28662684000.0,28883659000.0,4189933000.0,,1372265000.0,,29472352000.0,296.3631491225,234341478000.0,2356.4518498593,26297099000.0,264.4339709442,-18705995000.0,-188.1006166617,3712469000.0,37.3312250023,4318974000.0,43.4300165667,-1171191000.0,-11.7770666211,3.59,,18.36,3.3590861159,4.33,19.888042380402,4.209865096518,23.6109045553,-4.9749,-3.8916,2022Q3
333,美的集团,2022-06-30 00:00:00,413104145000.0,23473308000.0,76701938000.0,20.9299972381,29586420000.0,7.228899681,36750838000.0,6.5256347732,272705675000.0,65533733000.0,1.6593623102,,,140398470000.0,13.724606837,8.6512293239,6.2118249072,118.3683456356,66.0137832798,15995496000.0,183663399000.0,165037325000.0,4.5863691296,5.0424138215,140424168000.0,140424168000.0,3.4604069688,14698373000.0,4951069000.0,-1735418000.0,18724096000.0,18832948000.0,2710551000.0,,968317000.0,,21394710000.0,103.0539546666,153366180000.0,738.7336103698,18431348000.0,88.7800442837,-6562852000.0,-31.611919605,3023041000.0,14.5613719545,2868894000.0,13.8188772935,5783043000.0,27.8557386923,2.34,2.3,12.18,5.0424138215,6.57,18.53068363657,3.057553818035,23.1230743941,1.9637,22.8429,2022Q2
333,美的集团,2020-12-31 00:00:00,360382603000.0,22239214000.0,81210482000.0,14.515086762,22978363000.0,23.117155176,31076529000.0,-4.2130912362,236145503000.0,53930261000.0,26.7880001346,,,124237100000.0,15.5735914765,19.3496060423,21.4369671617,131.227079142,65.5263325794,27222969000.0,285709729000.0,258752437000.0,2.9582251622,2.2654490432,216798413000.0,216798413000.0,9.5417665603,23563455000.0,9264148000.0,-2638032000.0,31493457000.0,31663539000.0,4156997000.0,,1383043000.0,,29557117000.0,428.7833521827,240052501000.0,3482.4274667457,28460318000.0,412.8721538107,-35310663000.0,-512.2497044936,4874990000.0,70.7211922616,4656582000.0,67.5527602937,-756295000.0,-10.9715269368,3.93,3.55,24.95,2.2654490432,12.44,16.71645251705,4.204440669499,23.7219547227,-12.914,-35.6655,2020Q4
333,美的集团,2022-03-31 00:00:00,407842387000.0,22909694000.0,69846860000.0,-18.9935919137,29667624000.0,12.4271254152,41761065000.0,32.5889607646,264979797000.0,64861539000.0,11.0582621859,,,142862590000.0,14.8698172106,10.4741411654,8.2409943428,113.2584986448,64.971127437,7177925000.0,90938820000.0,82511495000.0,9.4975492554,9.542248635,70336385000.0,70336385000.0,8.676516823,7599881000.0,2380911000.0,-1155050000.0,8316183000.0,8362764000.0,1134183000.0,,524198000.0,,7978986000.0,159.4179426718,77541698000.0,1549.2617691567,10851471000.0,216.809401819,-11536258000.0,-230.4912574719,1537811000.0,30.7250402292,1555626000.0,31.0809790225,8587145000.0,171.5687919899,1.06,,5.57,9.542248635,10.97,18.900750091252,1.139885268396,22.1780517616,13.0823,40.2377,2022Q1
333,美的集团,2021-09-30 00:00:00,376333770000.0,22415206000.0,55870709000.0,-15.9706827884,25984593000.0,12.6016697202,33198146000.0,37.5760937745,248028302000.0,61601702000.0,15.0767527657,,,128305468000.0,6.8064135592,7.3878738495,7.6911558891,137.301170499,65.9064696745,23455250000.0,262942589000.0,237666842000.0,21.9230598481,20.7525994457,202595165000.0,202595165000.0,25.1024053389,20948273000.0,7454498000.0,-3349461000.0,27075496000.0,27342210000.0,3649382000.0,,1524218000.0,,27896744000.0,418.7249852041,227937641000.0,3421.3019754268,24558796000.0,368.6230010115,6680656000.0,100.2754151077,4360871000.0,65.4558698661,5875219000.0,88.1859542048,-27666525000.0,-415.2694404506,3.41,,19.51,20.7525994457,6.53,16.971150463537,3.994243608858,22.4789015805,-4.0663,-1.1036,2021Q3
333,美的集团,2021-06-30 00:00:00,380211202000.0,22554094000.0,63426726000.0,19.6116958404,27591834000.0,7.4787416389,34499525000.0,58.8756798188,256756416000.0,64464041000.0,30.2520076919,,,123454786000.0,9.8722655604,13.6102836975,15.4996696972,132.0315585473,67.5299451067,15009046000.0,174846895000.0,157800033000.0,26.5904429241,25.1415677942,135727446000.0,135727446000.0,31.1076617009,13950077000.0,4251893000.0,-2321726000.0,17553556000.0,17624384000.0,2407939000.0,,996025000.0,,20176410000.0,161.1520315039,151628820000.0,1211.0822677343,17098011000.0,136.5643941279,9137053000.0,72.979021189,3033825000.0,24.2316181113,3447518000.0,27.535846533,-16559579000.0,-132.2638564888,2.17,2.11,12.63,25.1415677942,7.76,16.066690001402,2.862654132688,21.9102550541,10.6155,32.0297,2021Q2
333,美的集团,2019-12-31 00:00:00,301955419000.0,21664682000.0,70916841000.0,154.2890454341,18663819000.0,-3.7459952654,32443399000.0,9.4396333306,194459322000.0,42535777000.0,15.2680291107,16231854000.0,-3.2762658964,107496097000.0,16.269167249,14.5066759436,13.5551227282,150.0034410007,64.4000106519,24211222000.0,279380506000.0,251317888000.0,5.9579198827,6.7072398905,197913928000.0,197913928000.0,5.1813004295,34611231000.0,9531361000.0,-2231636000.0,29683092000.0,29929114000.0,4651970000.0,,1040562000.0,,38590404000.0,308.983321801,238815589000.0,1912.1342701432,26851139000.0,214.9900820515,-23107701000.0,-185.017348203,4026590000.0,32.2398582231,3451856000.0,27.6381126577,-3273601000.0,-26.210871263,3.6,3.38,26.43,6.7072398905,19.68,14.582705288372,5.535134468366,28.8632156645,-14.583,-52.7606,2019Q4
333,美的集团,2021-03-31 00:00:00,369174526000.0,21955436000.0,86223870000.0,9.8185418566,26388315000.0,27.7755490547,31496638000.0,29.30425612,244805398000.0,58403164000.0,30.7729818489,,,124369128000.0,11.4602858849,22.3775181044,28.78596099,131.7967500141,66.3115628948,6468588000.0,83017120000.0,75354650000.0,41.5370614981,42.259991982,64720868000.0,64720868000.0,49.0292459065,6262170000.0,2404839000.0,-960112000.0,7413136000.0,7459620000.0,890183000.0,,497977000.0,,8553861000.0,212.0630745431,70624192000.0,1750.8799000407,10119594000.0,250.8799496237,-932059000.0,-23.1071439196,942913000.0,23.3762308981,2145202000.0,53.1827827967,-3537964000.0,-87.711446733,0.93,,5.35,42.259991982,34.45,16.676768374754,1.213711990006,21.5542826236,22.162,24.2844,2021Q1
333,美的集团,2020-09-30 00:00:00,350443450000.0,21887841000.0,66489543000.0,26.8197379408,23076561000.0,13.900998569,24130752000.0,0.5254991042,230314458000.0,53530970000.0,45.7923677049,,,120128992000.0,15.1080524225,22.8379662561,27.2967126021,133.170584648,65.7208625243,22018301000.0,217753150000.0,194931822000.0,-0.9750853042,-1.8130677355,161943461000.0,161943461000.0,3.3773528833,20179953000.0,6298047000.0,-1462390000.0,25875964000.0,25947945000.0,3753942000.0,,897062000.0,,25014635000.0,2875.0008619956,182997506000.0,21032.4071285891,21507371000.0,2471.9013555169,-32098571000.0,-3689.1771274627,3554642000.0,408.5447904431,3206463000.0,368.5276194898,8101376000.0,931.113445523,3.18,,20.35,-1.8130677355,3.29,16.066398642934,3.560424046073,25.2893182441,-4.0921,-11.2677,2020Q3
333,美的集团,2020-06-30 00:00:00,334662664000.0,22278992000.0,53027194000.0,47.7488547813,25671899000.0,11.5305257148,21714793000.0,-9.9218081485,222300563000.0,49491783000.0,26.8859745107,,,112362101000.0,13.9551911537,17.8249329987,19.882639669,131.0828520203,66.4252654727,13928295000.0,139719278000.0,124653986000.0,-8.4894476805,-9.4687453775,103523657000.0,103523657000.0,-4.5348335909,12631101000.0,4102149000.0,-851927000.0,16375411000.0,16396071000.0,2329061000.0,,574007000.0,,18405491000.0,3225.9716654894,117528304000.0,20599.4492946169,14977605000.0,2625.1584022884,-24944355000.0,-4372.0530163476,2872302000.0,503.4348101188,2060864000.0,361.2122529319,7033151000.0,1232.7161413465,2.01,1.94,13.03,-9.4687453775,-8.29,14.976164614239,2.625700132359,25.5584426047,39.4261,89.5107,2020Q2
333,美的集团,2018-12-31 00:00:00,263701148000.0,22437212000.0,27888280000.0,-42.2294310418,19390174000.0,10.6194708945,29645018000.0,0.6821453187,171246631000.0,36901626000.0,4.9988907313,16781666000.0,-3.6038527748,92454517000.0,11.4914999693,6.2853119522,3.6716806264,140.2809734646,64.939660786,20230779000.0,261819635000.0,237186506000.0,5.7400055262,8.2262028015,188164557000.0,188164557000.0,4.2690798153,31085879000.0,9571639000.0,-1823040000.0,25564111000.0,25773058000.0,4122639000.0,,1964902000.0,,27861080000.0,718.1854996596,211230723000.0,5444.9735021476,24709578000.0,636.94805163,-18642288000.0,-480.5492436789,2097948000.0,54.0795917689,5611851000.0,144.6587861795,-13387164000.0,-345.0859430562,3.08,3.05,25.66,8.2262028015,17.0512788097,12.467616614721,4.181442349585,27.5355987769,-14.5344,-53.0454,2018Q4
333,美的集团,2020-03-31 00:00:00,301668584000.0,21394653000.0,78514856000.0,170.7028723415,20652085000.0,,24358547000.0,1.1145052263,190087022000.0,44659962000.0,,,,111581562000.0,12.1783711265,8.159747394,5.9321536642,153.9072965888,63.0118719953,4810977000.0,58355915000.0,53240225000.0,-21.3122678711,-22.7078334631,43428300000.0,43428300000.0,-19.3949024477,5656993000.0,2008521000.0,-267397000.0,5501245000.0,5530653000.0,720263000.0,,289763000.0,,7668597000.0,301.8852185387,54493549000.0,2145.2159956791,8895742000.0,350.193525326,-5485574000.0,-215.9474159094,1005097000.0,39.5670717209,884830000.0,34.8325903577,300610000.0,11.8339398387,0.7,,4.62,-22.7078334631,-21.51,15.144701875157,1.09559727905,25.1404395678,1.301,66.1676,2020Q1
333,美的集团,2019-09-30 00:00:00,285289199000.0,21456506000.0,52428387000.0,23.3932976997,20260192000.0,6.0643136283,24004608000.0,-1.7208930136,180927263000.0,36717265000.0,,12139003000.0,-8.1076037816,104361936000.0,13.4575164928,11.1583607661,9.8740551488,154.6202692669,63.4188969068,21315967000.0,221774064000.0,196851290000.0,5.9934638456,6.9281699495,156652745000.0,156652745000.0,4.6691127562,27677878000.0,6227447000.0,-2114090000.0,26108316000.0,26353959000.0,3993735000.0,,739346000.0,,29790279000.0,435.5146041489,187113896000.0,2735.4840935592,20676547000.0,302.2777390527,-15750319000.0,-230.2594730483,1863837000.0,27.2480910049,2882478000.0,42.1399633464,-7546097000.0,-110.3190556834,3.2,,23.46,6.9281699495,19.0820245473,14.110591896732,4.27884277849,29.0901465132,-14.4494,-32.3375,2019Q3
333,美的集团,2019-06-30 00:00:00,284033825000.0,21508572000.0,35890088000.0,-20.3994805153,23017823000.0,12.0750416779,24106604000.0,1.6155652295,185431822000.0,39004928000.0,8.3594083046,10417962000.0,-5.3705454257,98602003000.0,12.1259614748,13.1618778604,13.720552497,148.5629470795,65.2851194748,15187069000.0,154332643000.0,136218155000.0,6.3857235892,7.3723584855,108441289000.0,108441289000.0,4.3894762027,19529822000.0,4110125000.0,-1435645000.0,18799531000.0,18889515000.0,2829592000.0,,456154000.0,,21787890000.0,713.1640776642,126154956000.0,4129.3205922421,13696292000.0,448.3088289687,-18030748000.0,-590.1848121601,695269000.0,22.7576362426,1931628000.0,63.2263014459,-6828689000.0,-223.5175454044,2.32,2.22,16.97,7.3723584855,17.3939072939,13.343460630592,3.139961748997,29.4783914709,4.4129,47.7893,2019Q2
333,美的集团,2019-03-31 00:00:00,278910215000.0,21974050000.0,29004072000.0,-47.6252628278,,,24090062000.0,-9.1201830237,179442233000.0,,,13144610000.0,-9.5656013529,99467982000.0,13.1512082546,10.4303960692,8.9778291058,147.8897278347,64.3369168103,6129026000.0,75500426000.0,67660134000.0,6.2821547525,7.4165624507,53877858000.0,53877858000.0,3.872596853,9513634000.0,1977121000.0,-481058000.0,7683772000.0,7718955000.0,1177710000.0,,219212000.0,,11842782000.0,1195.8782187216,61230159000.0,6182.9909118449,8147054000.0,822.6854488539,-16811399000.0,-1697.606684843,233728000.0,23.6017368474,1143943000.0,115.5147934969,4139282000.0,417.9826315258,0.94,,7.08,7.4165624507,16.6049589525,13.570265148848,1.793430770678,28.3594186511,38.7495,162.9874,2019Q1
333,美的集团,2017-12-31 00:00:00,248106858000.0,22600724000.0,48274200000.0,77.6804090585,17528717000.0,30.2813383556,29444166000.0,88.4197867305,165181687000.0,35144777000.0,38.6001200459,17409063000.0,69.8051719723,82925171000.0,20.2220109238,45.4313153478,62.5419808497,142.5879823169,66.5768323905,17283689000.0,241918896000.0,224734592000.0,56.2728991566,51.3490500204,180460552000.0,180460552000.0,56.0869004024,26738673000.0,7510102000.0,815949000.0,21627854000.0,21854774000.0,3243584000.0,,955657000.0,,24442623000.0,262.31836215,195820338000.0,2101.5449258381,22740541000.0,244.0516089262,-34739608000.0,-372.8256608259,2727603000.0,29.2726501389,3218402000.0,34.5399076597,19651645000.0,210.9015603585,2.66,2.41,25.88,51.3490500204,17.7013675165,11.238658946971,3.725411606948,25.030606558,-13.7679,-45.4121,2017Q4
333,美的集团,2018-09-30 00:00:00,256651139000.0,22292839000.0,42488845000.0,1.9958212984,19101799000.0,10.0304761475,24424935000.0,2.829370824,164667867000.0,,,13210019000.0,-25.7145368401,91983272000.0,14.6155738134,5.9739314948,1.6910564197,142.3239134487,64.1601933432,17900239000.0,207404713000.0,185720216000.0,7.8984631255,10.4600628974,149664730000.0,149664730000.0,7.2408125541,24397272000.0,5629888000.0,-1727756000.0,22776551000.0,22924417000.0,3834166000.0,,1467047000.0,,19589580000.0,168.7564399536,160376963000.0,1381.583746382,19638796000.0,169.180416218,-20978857000.0,-180.7245087243,1522671000.0,13.1172050233,3659281000.0,31.5232503377,-10826057000.0,-93.2621749958,2.72,,22.65,10.4600628974,19.3494475161,12.470848231895,2.948170236628,27.2612924939,-13.3149,-35.3777,2018Q3
333,美的集团,2018-06-30 00:00:00,250997801000.0,22256928000.0,45087756000.0,31.7622732482,20537867000.0,5.9697668949,23723338000.0,13.5901117345,163059199000.0,35995885000.0,11.4464674428,11009217000.0,-22.3094121749,87938602000.0,17.259455484,8.6492998084,4.5106568578,138.6791668264,64.964393453,12936846000.0,143735916000.0,128041762000.0,12.6165097707,15.0222125455,103881438000.0,103881438000.0,11.639152263,16892503000.0,3335291000.0,-984113000.0,16300282000.0,16394573000.0,2614882000.0,,943779000.0,,7613688000.0,66.7617948698,101192080000.0,887.3183255484,13600798000.0,119.2606902386,-8943677000.0,-78.4240080833,1007924000.0,8.8381366996,2368539000.0,20.7688987071,-10166609000.0,-89.1474755177,1.97,1.9,16.43,15.0222125455,19.660167369,11.966628348166,1.148904346398,27.1640420107,4.4971,46.124,2018Q2
333,美的集团,2018-03-31 00:00:00,252566526000.0,22238599000.0,55377981000.0,56.9132585997,19752160000.0,9.5722196954,26507604000.0,20.6135768198,164659394000.0,36018842000.0,11.202389329,14534967000.0,22.8471339534,87907132000.0,18.1067108996,11.7974509521,8.697457127,146.6378805213,65.1944644478,5256231000.0,70287509000.0,63943697000.0,15.6700042727,17.168073164,51869174000.0,51869174000.0,15.8237217503,7468456000.0,1818424000.0,95978000.0,6754463000.0,6789171000.0,1143376000.0,,399441000.0,,4429092000.0,81.5200964306,55069088000.0,1013.579614988,7569431000.0,139.3199204363,-7250092000.0,-133.4422944863,470848000.0,8.6662400249,927703000.0,17.0749304866,-2254205000.0,-41.4899959121,0.8,,6.87,17.168073164,20.7610784115,12.033065801866,0.672702996329,25.6222933511,29.7908,129.9803,2018Q1
333,美的集团,2016-12-31 00:00:00,170600711000.0,21056791000.0,27169118000.0,129.0437588945,13454511000.0,29.7230699871,15626897000.0,49.5548973068,101624015000.0,25356960000.0,45.3230512972,10252375000.0,82.5448008061,68976696000.0,23.1031577133,32.4108575364,39.5736549024,135.2499551489,59.56834201,14684357000.0,159841701000.0,143809063000.0,13.662270182,14.7075708574,115615437000.0,115615437000.0,12.6166602986,17678451000.0,9620777000.0,-1005979000.0,17324101000.0,18914603000.0,3052691000.0,,349807000.0,,26695009000.0,364.3666962264,153324273000.0,2092.760440887,11652740000.0,159.0510936252,-19781084000.0,-269.9968456597,1954049000.0,26.6712919405,2323430000.0,31.713063405,159912000.0,2.1826779353,2.29,2.1,26.88,14.7075708574,15.5636641227,9.464178379558,4.133143214487,27.3060239962,9.453,-43.3379,2016Q4
333,美的集团,2017-09-30 00:00:00,242183276000.0,22348578000.0,41657437000.0,124.161374479,17360462000.0,36.4170251775,23752878000.0,127.6411196746,161929547000.0,32588743000.0,52.8476106356,17782778000.0,168.9307664388,80253729000.0,21.6936300431,48.5863450272,66.8615471687,142.1441647342,66.8623984589,14998175000.0,187764435000.0,172344718000.0,68.1444576771,60.3755759336,139559489000.0,139559489000.0,66.4830892417,19954150000.0,4819384000.0,852759000.0,18986904000.0,18839340000.0,2737940000.0,,599661000.0,,20067642000.0,84.1462606178,148783253000.0,623.867736055,17042705000.0,71.4623021759,-18327750000.0,-76.8506647686,1664387000.0,6.9789934598,2071492000.0,8.6860382351,21987048000.0,92.1945822645,2.31,,22.61,60.3755759336,17.1001186525,10.875964449877,3.064621635106,25.3488443198,-3.3462,-35.1753,2017Q3
333,美的集团,2017-06-30 00:00:00,231016492000.0,22603151000.0,34219018000.0,127.3116169002,19380874000.0,45.7962436667,20885038000.0,118.4802921406,156021600000.0,32298812000.0,48.9805023014,14170593000.0,246.4862095946,74994892000.0,19.6870981032,37.9180318756,48.8136345236,110.4716562832,67.5369964496,10811322000.0,124963616000.0,113963618000.0,70.5572055415,60.1943279414,93051081000.0,93051081000.0,69.5964889834,12404770000.0,6832958000.0,346614000.0,13780255000.0,13607124000.0,2059053000.0,,347883000.0,,13895932000.0,167.9733378494,99984184000.0,1208.603864687,11456781000.0,138.4890013552,-26751897000.0,-323.3756061049,1223225000.0,14.7862832224,1520059000.0,18.3743979143,20990804000.0,253.7357992269,1.67,1.53,16.46,60.1943279414,13.8454164079,10.17142779575,2.131396579288,25.2301869027,8.3122,48.3884,2017Q2
333,美的集团,2017-03-31 00:00:00,225914387000.0,22904995000.0,35292098000.0,149.4571713366,18026613000.0,49.8007101705,21977297000.0,121.2998727319,151484127000.0,32390349000.0,66.2392292742,11831751000.0,162.8551935543,74430260000.0,22.0519846497,52.7247383427,74.2395229436,109.4622762148,67.0537759952,4352587000.0,59988619000.0,55281140000.0,63.1441671261,55.4129391465,44782859000.0,44782859000.0,66.4407421817,6820223000.0,3178001000.0,-183364000.0,5509292000.0,5589833000.0,903968000.0,,139370000.0,,7008571000.0,80.5652141127,47125873000.0,541.7232768978,6338017000.0,72.857034145,-26909489000.0,-309.331066625,490466000.0,5.6380249704,510405000.0,5.8672285847,28551856000.0,328.210471429,0.67,,6.87,55.4129391465,11.3976523654,10.135639469772,1.083965530601,25.0570261548,40.2791,131.9692,2017Q1
333,美的集团,2015-12-31 00:00:00,128841935000.0,18729881000.0,11861977000.0,91.2209550975,10371718000.0,10.7840620852,10448937000.0,-30.4333147138,72810313000.0,17448684000.0,-13.3520851246,5616361000.0,40.6713771183,56031622000.0,22.5231587869,7.1075739762,-2.3475109492,129.670437479,56.5113470238,12706725000.0,139347124000.0,126523131000.0,-2.4635319809,-2.0826525618,102662818000.0,102662818000.0,-2.8455350951,14799769000.0,7441755000.0,138932000.0,14916873000.0,16051354000.0,2426699000.0,,338647000.0,,26764254000.0,31515.9073513654,125902444000.0,148254.823781543,10493582000.0,12356.5841998045,-17989193000.0,-21182.9457273059,2088899000.0,2459.7564852867,3130932000.0,3686.7892090482,-8876653000.0,-10452.589993288,2.0,1.71,29.06,-2.0826525618,20.9908476494,11.531218309385,6.272618676261,25.8437526406,-6.3292,-36.9555,2015Q4
333,美的集团,2016-09-30 00:00:00,162991610000.0,20836612000.0,18583682000.0,99.4465949154,12726023000.0,18.148215032,10434353000.0,21.8209063286,97044256000.0,21321068000.0,24.5386739147,6612400000.0,81.1788543376,65947354000.0,21.9652002995,21.3220236466,20.8888041834,133.4402315351,59.5394180105,12807993000.0,117077949000.0,102498007000.0,1.9041078215,4.5022944181,83828027000.0,83828027000.0,2.0892994402,12341424000.0,5981080000.0,-913165000.0,15275326000.0,16340190000.0,2588202000.0,,307757000.0,,19037495000.0,566.3231096182,112216632000.0,3338.1950716267,8673520000.0,258.0179176796,-17770441000.0,-528.6310728594,1339590000.0,39.8498213349,1605425000.0,47.7578209874,1992708000.0,59.2786283658,2.0,,23.76,4.5022944181,16.3083291175,9.051190967843,2.951297036285,27.9694386976,-0.8566,-40.7522,2016Q3
333,美的集团,2016-06-30 00:00:00,167502747000.0,21000004000.0,15053792000.0,2.9727520408,13293123000.0,-2.3790172004,9559232000.0,-6.3724832133,104843619000.0,21679892000.0,12.5010320192,4089800000.0,42.5918627017,62659128000.0,19.4658044587,18.140479915,17.3623541703,125.6733960856,62.5921788614,9496493000.0,78007516000.0,66818413000.0,-9.254074269,-5.8733633649,54866160000.0,54866160000.0,-8.371472251,8185178000.0,3690059000.0,-905261000.0,11378096000.0,12177569000.0,1946671000.0,,218258000.0,,8129163000.0,159.0990232115,67859148000.0,1328.0978820037,5660543000.0,110.7846972864,-16336731000.0,-319.7325412922,824805000.0,16.1425807109,1076411000.0,21.0668599798,13246447000.0,259.2513864862,1.48,1.42,17.64,-5.8733633649,14.084006207,8.612243798925,1.265252374577,29.2253078137,2.0946,43.0479,2016Q2
333,美的集团,2016-03-31 00:00:00,147922589000.0,18578653000.0,14147558000.0,53.608768417,12033730000.0,-10.7810671676,9931003000.0,-9.9592371328,86940164000.0,19484179000.0,-5.9651084385,4501243000.0,7.715918171,60982425000.0,23.4993665308,8.9019942279,0.564440745,127.9334889273,58.774095686,3907252000.0,38599501000.0,33884840000.0,-12.8449908499,-9.3364147763,26906188000.0,26906188000.0,-13.3221081748,4977071000.0,1662776000.0,-282083000.0,4729228000.0,5000398000.0,833631000.0,,122905000.0,,6595024000.0,359.4243780945,32056847000.0,1747.0766287806,3254369000.0,177.3609245266,-9560260000.0,-521.027748333,406105000.0,22.1324497176,484331000.0,26.3957141728,4802468000.0,261.731280162,0.61,,7.58,-9.3364147763,16.9088621495,12.620727512431,1.545446386328,29.8251216485,41.3214,130.5677,2016Q1
333,美的集团,2014-12-31 00:00:00,120292086000.0,19521814000.0,6203283000.0,-60.1681696997,9362103000.0,18.0825618463,15020030000.0,-1.1692135077,74560632000.0,20137454000.0,15.017931078,3992540000.0,-19.8823482918,45731454000.0,17.0184135846,24.0815066377,28.8517013631,118.1620270219,61.9829903025,10502220000.0,142310967000.0,129718795000.0,14.3040138682,17.3551773036,105669686000.0,105669686000.0,13.846036554,14733917000.0,7498256000.0,251327000.0,13450503000.0,13990684000.0,2344356000.0,,227998000.0,,24788512000.0,215.709202016,105499097000.0,918.0513145476,10426381000.0,90.7301868472,-28862397000.0,-251.1600787147,1345434000.0,11.7079433612,2678179000.0,23.3054672643,-7410130000.0,-64.4828228953,2.49,2.25,29.49,17.3551773036,97.5045245585,9.362499193512,5.879895858635,25.4104275713,2.6389,-33.8719,2014Q4
333,美的集团,2015-09-30 00:00:00,134346267150.0,18631440220.0,9317623100.0,10.0033687681,10771235940.0,2.8589378896,8565322090.0,-21.9274295704,80275635660.0,17120037760.0,-6.6032474074,3649653280.0,-37.2515490716,54070631490.0,22.4014753299,15.9928697852,12.0416246434,124.6360875188,59.7527846236,11012103000.0,112033855000.0,100582802000.0,2.179484884,2.2309890402,82112452000.0,82112452000.0,0.7743754834,11598555000.0,5496106000.0,100875000.0,13090639000.0,14130498000.0,2301994000.0,,208073000.0,,17970482000.0,1493.3240151971,92229531000.0,7664.1557835046,8776445000.0,729.3113276848,-9849714000.0,-818.4986056035,1529729000.0,127.1185187155,1898205000.0,157.7384019119,-6899879000.0,-573.3710989307,1.73,,25.46,2.2309890402,22.9996255751,11.177803868496,4.212771858032,26.2735061165,-27.6469,-46.046,2015Q3
